<?xml version="1.0" encoding="UTF-8" standalone="yes"?>
<addon id="script.module.pyquery" name="pyquery" version="1.2.12" provider-name="HarryGG">
  <requires>
    <import addon="xbmc.python" version="2.14.0"/>
  </requires>
  <extension point="xbmc.python.module" library="lib" />
  <extension point="xbmc.addon.metadata">
    <summary>A jQuery-like library for python</summary>
    <description>Packed for Kodi from https://github.com/gawel/pyquery</description>
    <platform>all</platform>
    <language></language>
    <license>Apache2</license>
    <forum>https://github.com/gawel/pyquery/issues</forum>
    <website>https://github.com/gawel/pyquery/</website>
    <source>https://github.com/gawel/pyquery</source>
    <email>harrygg AT gmail dot com</email>
  </extension>
</addon>
